pdb_id	mutant
1bj1fv	V:F17A
1bj1fv	V:Y21A
1bj1fv	W:E93A
1bj1fv	W:G88A
1bj1fv	W:G92A
1bj1fv	W:H86A
1bj1fv	W:H90A
1bj1fv	W:I80A
1bj1fv	W:I83A
1bj1fv	W:I91A
1bj1fv	W:K48A
1bj1fv	W:K84A
1bj1fv	W:M81A
1bj1fv	W:M94A
1bj1fv	W:Q79A
1bj1fv	W:Q87A
1bj1fv	W:Q89A
1bj1fv	W:R82A
1bj1fv	W:Y45A
1cz8fv	V:F17A
1cz8fv	V:Y21A
1cz8fv	W:E93A
1cz8fv	W:G88A
1cz8fv	W:G92A
1cz8fv	W:H86A
1cz8fv	W:H90A
1cz8fv	W:I80A
1cz8fv	W:I83A
1cz8fv	W:I91A
1cz8fv	W:K48A
1cz8fv	W:K84A
1cz8fv	W:M81A
1cz8fv	W:M94A
1cz8fv	W:Q79A
1cz8fv	W:Q87A
1cz8fv	W:Q89A
1cz8fv	W:R82A
1cz8fv	W:Y45A
1jrhfv	I:A103L,I:V104M,I:R106L,I:D107K
1jrhfv	I:A59S,I:I61T,I:H65D
1jrhfv	I:A95D,I:K98R,I:E100K
1jrhfv	I:I35N,I:P37S,I:V39T,I:V41I
1jrhfv	I:M25L,I:I28V
1jrhfv	I:N48V,I:delta(I:G50,I:V51,I:K52),I:N53S,I:S54G,I:E55S
1jrhfv	I:S71Y,I:D72E,I:H73Q,I:V74I,I:G75M,I:D76Y,I:S78D,I:N79V,I:L81A
1jrhfv	I:T19L,I:E21K
1jrhfv	I:V83A,I:R88K
1jrhfv	I:E45Q
1jrhfv	I:T14V
1dqjfv	H:D32A,C:K97A
1dqjfv	H:W98A,C:K97A
1dqjfv	H:W98A,C:S100A
1dqjfv	H:W98A,C:Y20A
1dqjfv	H:Y53A,C:D101A
1dqjfv	H:Y53A,C:L75A
1dqjfv	H:Y53A,C:W62A
1dqjfv	H:Y53A,C:W63A
1dqjfv	L:N32A,C:K96A
1dqjfv	L:S91A,C:R21A
1dqjfv	L:S91A,C:Y20A
1dqjfv	L:Y96A,C:R21A
1dqjfv	L:Y96A,C:S100A
1dqjfv	C:D101A
1dqjfv	C:K96A
1dqjfv	C:K97A
1dqjfv	C:L75A
1dqjfv	C:N93A
1dqjfv	C:R21A
1dqjfv	C:S100A
1dqjfv	C:T89A
1dqjfv	C:W62A
1dqjfv	C:W63A
1dqjfv	C:Y20A
1dqjfv	H:D32A
1dqjfv	H:W98A
1dqjfv	H:Y33A
1dqjfv	H:Y50A
1dqjfv	H:Y53A
1dqjfv	L:N31A
1dqjfv	L:N32A
1dqjfv	L:S91A
1dqjfv	L:Y50A
1dqjfv	L:Y96A
1dqjfab	H:D32A,C:K97A
1dqjfab	H:W98A,C:K97A
1dqjfab	H:W98A,C:S100A
1dqjfab	H:W98A,C:Y20A
1dqjfab	H:Y53A,C:D101A
1dqjfab	H:Y53A,C:L75A
1dqjfab	H:Y53A,C:W62A
1dqjfab	H:Y53A,C:W63A
1dqjfab	L:N32A,C:K96A
1dqjfab	L:S91A,C:R21A
1dqjfab	L:S91A,C:Y20A
1dqjfab	L:Y96A,C:R21A
1dqjfab	L:Y96A,C:S100A
1dqjfab	C:D101A
1dqjfab	C:K96A
1dqjfab	C:K97A
1dqjfab	C:L75A
1dqjfab	C:N93A
1dqjfab	C:R21A
1dqjfab	C:S100A
1dqjfab	C:T89A
1dqjfab	C:W62A
1dqjfab	C:W63A
1dqjfab	C:Y20A
1dqjfab	H:D32A
1dqjfab	H:W98A
1dqjfab	H:Y33A
1dqjfab	H:Y50A
1dqjfab	H:Y53A
1dqjfab	L:N31A
1dqjfab	L:N32A
1dqjfab	L:S91A
1dqjfab	L:Y50A
1dqjfab	L:Y96A
